"diff","lwr","upr","p adj","Comparison"
-0.459527550533606,-0.792473901820778,-0.126581199246434,0.00408285334778591,"Vegetarian-Mediterranean"
-1.14690091076053,-1.4798472620477,-0.813954559473356,3.14481995999927e-10,"Western-Mediterranean"
-0.687373360226922,-1.02031971151409,-0.35442700893975,1.19147185344559e-05,"Western-Vegetarian"
